"rangeMaxTimesWatchList","rangeMaxTimesCleanWatchList","rangeMaxAmountTransaction","rangePropensityFraud","rangeLinkedIntermediary","rangeMaxLinkedNoIntermediary","rangeMaxLinkedIndBusInter","rangeExecuteDeposit","rangeExecuteTransfer","rangeExecuteWithdrawal","rangeNewLinkTransact","rangePopulation","rangeIndividual","rangeBusiness","rangeIntermediary","rangeNoProfitBusiness","rangeProfitBusiness","rangeTrustBusiness","rangeShellBusiness","rangeHighPropensityFraud","rangeWatchList"
"23.025","9.22","106441.25","0.61875","0.735","1.0375","3.27","0.12975","0.539","0.36275","0.215","672.5","0.71825","0.22975","30.32","0.63725","0.68275","0.26975","0.50425","0.25575","0.23025"
"18.925","5.3","109178.75","0.89175","0.653","15.0625","3.03","0.02175","0.331","0.46475","0.281","384.5","0.72725","0.31975","54.96","0.66875","0.69325","0.32225","0.58125","0.23125","0.22725"
"18.975","5.26","8986.25","0.69525","0.773","9.6625","2.75","0.03375","0.607","0.35375","0.371","888.5","0.77075","0.29875","17.52","0.15775","0.16125","0.46925","0.30475","0.71425","0.08625"
"15.725","9.62","12818.75","0.89925","0.645","4.4125","4.47","0.02925","0.549","0.30425","0.369","726.5","0.70325","0.19375","54.32","0.27325","0.57775","0.61625","0.71075","0.57075","0.08325"
"24.975","9.98","103703.75","0.83325","0.781","7.1125","4.05","0.01725","0.321","0.28475","0.039","1401.5","0.68075","0.32275","59.76","0.31525","0.66875","0.23475","0.77375","0.36425","0.03225"
"21.375","4.3","14461.25","0.75075","0.435","6.2125","2.07","0.01575","0.555","0.47675","0.209","294.5","0.54575","0.15925","66.16","0.37125","0.28725","0.38525","0.23125","0.66175","0.20775"
"16.025","7.02","52238.75","0.77775","0.583","7.3375","5.81","0.12525","0.637","0.27575","0.113","1383.5","0.58475","0.38725","41.2","0.20675","0.56725","0.63725","0.37825","0.15775","0.25725"
"23.725","9.38","63188.75","0.79725","0.475","11.9125","4.71","0.20625","0.551","0.32825","0.377","1095.5","0.51575","0.37225","31.92","0.28375","0.11225","0.51125","0.26975","0.67575","0.26025"
"22.675","5.54","29243.75","0.72825","0.795","2.0875","3.45","0.19425","0.409","0.21125","0.179","1203.5","0.60425","0.38425","44.08","0.35725","0.46925","0.37825","0.64775","0.52175","0.19125"
"15.975","9.7","31433.75","0.80175","0.461","12.1375","4.39","0.02025","0.601","0.21725","0.043","1716.5","0.75875","0.15025","10.8","0.47275","0.15775","0.44125","0.56025","0.30125","0.23175"
"16.725","4.78","37456.25","0.82125","0.589","3.5125","2.59","0.22725","0.587","0.41675","0.267","1221.5","0.74225","0.26875","31.6","0.26625","0.18225","0.47275","0.79475","0.59175","0.09675"
"23.125","3.46","61546.25","0.83175","0.681","4.7875","5.03","0.17325","0.437","0.42725","0.157","321.5","0.73925","0.25075","15.6","0.45525","0.46225","0.28025","0.17525","0.65825","0.00375"
"17.625","6.58","5153.75","0.65475","0.697","4.3375","4.01","0.04125","0.415","0.40925","0.121","1662.5","0.78125","0.25375","34.8","0.58825","0.59525","0.13325","0.25575","0.28725","0.18075"
"22.775","2.02","65926.25","0.63675","0.465","11.1625","5.99","0.18525","0.655","0.24875","0.167","744.5","0.57125","0.25525","62","0.71775","0.27325","0.21725","0.75625","0.60925","0.26475"
"21.525","3.66","44573.75","0.75675","0.723","10.8625","5.33","0.11175","0.471","0.24575","0.247","573.5","0.70775","0.19975","65.52","0.75275","0.78775","0.76675","0.77025","0.67225","0.03375"
"17.175","8.86","69758.75","0.79275","0.515","11.6125","2.61","0.05625","0.473","0.45275","0.011","1860.5","0.70625","0.22825","73.52","0.50425","0.25925","0.72475","0.58825","0.38175","0.04875"
"22.225","9.9","8438.75","0.67725","0.665","5.1625","4.59","0.13575","0.611","0.20525","0.145","1257.5","0.65075","0.20275","26.48","0.15425","0.63725","0.13675","0.77725","0.68275","0.02025"
"22.525","6.7","7343.75","0.73725","0.555","2.6125","3.19","0.00825","0.605","0.29075","0.063","1293.5","0.66725","0.37525","11.44","0.54975","0.47625","0.31875","0.15775","0.22775","0.00825"
"17.325","7.94","98228.75","0.85575","0.561","4.1875","5.29","0.17775","0.559","0.40625","0.397","1158.5","0.62375","0.13375","46.96","0.36075","0.79475","0.46575","0.63725","0.36775","0.28275"
"19.725","2.5","50048.75","0.68325","0.499","2.8375","5.53","0.20175","0.497","0.21425","0.035","1590.5","0.71225","0.21025","22.96","0.70375","0.36775","0.77375","0.24525","0.45875","0.23475"
"22.275","9.78","87278.75","0.60375","0.417","8.6875","5.95","0.17175","0.647","0.34925","0.239","942.5","0.50225","0.17275","24.56","0.70725","0.20675","0.15425","0.52525","0.29425","0.13725"
"21.725","2.1","21578.75","0.73125","0.459","15.8125","3.57","0.26625","0.623","0.33125","0.187","1077.5","0.64325","0.22075","50.8","0.57075","0.29425","0.12625","0.78425","0.10525","0.08475"
"17.275","3.62","69211.25","0.64575","0.407","2.3875","2.89","0.11475","0.671","0.34325","0.135","861.5","0.52625","0.26425","56.56","0.41325","0.79125","0.70725","0.36075","0.62675","0.14475"
"15.475","9.82","17198.75","0.74325","0.497","14.6125","2.05","0.19125","0.361","0.39725","0.047","1122.5","0.74075","0.19225","62.96","0.59875","0.65825","0.41675","0.64075","0.25925","0.13425"
"24.575","3.94","23221.25","0.76725","0.751","8.6125","2.15","0.18825","0.495","0.37925","0.343","1680.5","0.66575","0.12925","18.8","0.24175","0.64425","0.64075","0.51475","0.35725","0.15825"
"17.975","3.06","68116.25","0.88275","0.449","11.6875","3.53","0.16875","0.327","0.34025","0.177","1041.5","0.60725","0.15625","29.04","0.14375","0.58125","0.22425","0.78775","0.54975","0.24525"
"19.775","7.9","7891.25","0.66975","0.507","2.3125","3.91","0.01425","0.467","0.41525","0.017","1023.5","0.75725","0.34825","64.56","0.39925","0.31175","0.21025","0.24175","0.61625","0.04575"
"23.625","5.58","32528.75","0.62775","0.789","13.8625","2.41","0.28275","0.421","0.27725","0.389","1509.5","0.67625","0.32725","28.4","0.68625","0.55675","0.37125","0.67225","0.51825","0.07425"
"22.325","5.62","41288.75","0.87375","0.605","1.4125","5.61","0.07575","0.353","0.35075","0.207","438.5","0.77225","0.13075","23.92","0.51125","0.38525","0.75975","0.42725","0.37125","0.21525"
"17.425","2.7","72496.25","0.79125","0.619","13.7875","3.73","0.26925","0.363","0.31175","0.015","1500.5","0.64475","0.17725","51.76","0.67225","0.55325","0.70375","0.60225","0.38875","0.21825"
"22.175","4.86","97133.75","0.81375","0.657","13.2625","2.71","0.07275","0.447","0.27275","0.399","1248.5","0.73175","0.32125","61.36","0.30825","0.60925","0.29075","0.68625","0.37825","0.03975"
"15.425","6.98","39646.25","0.73275","0.695","5.9125","5.71","0.18225","0.413","0.23975","0.321","762.5","0.58625","0.29275","71.92","0.10175","0.46575","0.66525","0.40975","0.12275","0.24825"
"18.125","8.9","74686.25","0.60975","0.703","2.2375","3.95","0.19875","0.537","0.46325","0.273","1212.5","0.64775","0.10075","32.88","0.56375","0.44475","0.10175","0.45175","0.52875","0.27075"
"23.775","5.1","27053.75","0.82575","0.439","14.4625","2.69","0.05925","0.521","0.43925","0.185","213.5","0.71525","0.24775","60.72","0.15075","0.57075","0.35375","0.53575","0.47625","0.24975"
"16.925","6.1","56071.25","0.62925","0.671","8.0125","4.35","0.07875","0.309","0.49325","0.155","1554.5","0.50375","0.21475","37.04","0.70025","0.50775","0.15775","0.32925","0.70725","0.07275"
"21.425","5.14","101513.75","0.81675","0.791","1.8625","2.63","0.07725","0.397","0.43025","0.057","537.5","0.53825","0.39325","22","0.74225","0.52875","0.56025","0.56725","0.77375","0.26175"
"16.675","4.26","6248.75","0.69375","0.687","1.5625","3.01","0.05175","0.357","0.25925","0.305","1266.5","0.56675","0.29575","35.44","0.23825","0.23825","0.20675","0.30825","0.14725","0.05775"
"19.975","3.42","99323.75","0.70725","0.615","7.2625","2.45","0.10275","0.373","0.33875","0.279","933.5","0.75275","0.36025","33.52","0.67575","0.62325","0.76325","0.51125","0.79125","0.08775"
"21.475","9.46","2963.75","0.60675","0.655","14.6875","5.09","0.12675","0.635","0.44375","0.069","834.5","0.73325","0.27925","67.12","0.60925","0.73525","0.71425","0.19275","0.38525","0.23625"
"21.875","4.98","5701.25","0.74175","0.467","13.6375","3.75","0.06675","0.689","0.32675","0.077","1491.5","0.75425","0.26725","53.68","0.39575","0.31525","0.54625","0.74925","0.64775","0.08175"
"23.525","8.46","40741.25","0.88575","0.415","7.4125","2.97","0.27225","0.675","0.29675","0.259","915.5","0.52775","0.29425","71.28","0.76325","0.67575","0.47625","0.40625","0.53925","0.00525"
"20.575","9.94","19388.75","0.70425","0.573","15.5125","2.57","0.18675","0.455","0.23375","0.125","1545.5","0.60575","0.36775","65.2","0.18575","0.19975","0.57775","0.61275","0.23475","0.06975"
"15.175","6.78","80161.25","0.84975","0.607","9.4375","2.47","0.26775","0.527","0.49025","0.021","1032.5","0.50675","0.15775","57.2","0.34325","0.47275","0.68275","0.39925","0.73875","0.09375"
"20.125","4.94","51143.75","0.88125","0.621","15.2875","5.11","0.08325","0.571","0.35975","0.231","1941.5","0.68975","0.34375","36.4","0.20325","0.78075","0.52175","0.24875","0.65475","0.11325"
"23.675","9.06","85088.75","0.74925","0.559","15.4375","5.97","0.03225","0.393","0.20675","0.275","1284.5","0.66125","0.26275","14.64","0.26975","0.21025","0.65125","0.45875","0.13325","0.03825"
"15.075","4.5","16651.25","0.63075","0.517","12.5875","2.35","0.21375","0.541","0.29525","0.225","1230.5","0.58325","0.24175","13.36","0.79125","0.43425","0.74225","0.18925","0.36075","0.00075"
"22.925","2.54","13366.25","0.87975","0.757","11.0875","5.31","0.25275","0.483","0.47525","0.153","1995.5","0.78275","0.33475","36.08","0.71075","0.17175","0.36425","0.26625","0.74575","0.11475"
"22.425","9.18","15556.25","0.62325","0.647","15.5875","4.33","0.12825","0.411","0.41375","0.243","1167.5","0.69425","0.37825","39.6","0.37475","0.24875","0.43425","0.73875","0.78425","0.25275"
"19.375","6.66","107536.25","0.75375","0.777","14.3875","5.05","0.06525","0.545","0.46175","0.309","411.5","0.59825","0.31075","38.64","0.52525","0.39925","0.32575","0.54975","0.19975","0.20025"
"17.725","7.54","10081.25","0.74025","0.533","14.0875","4.97","0.10725","0.665","0.38375","0.311","1761.5","0.79625","0.24625","43.44","0.45175","0.71425","0.17525","0.22075","0.76325","0.14025"
"24.125","7.46","102608.75","0.75825","0.567","14.7625","4.81","0.18075","0.679","0.36725","0.127","771.5","0.75575","0.12625","51.12","0.53575","0.36425","0.15075","0.31875","0.59525","0.05025"
"22.975","6.86","58808.75","0.72225","0.613","15.2125","3.71","0.14475","0.485","0.43475","0.173","285.5","0.79925","0.28075","33.2","0.18925","0.45525","0.51825","0.44125","0.32575","0.01875"
"24.925","9.58","15008.75","0.82725","0.419","8.3125","4.13","0.27075","0.453","0.49925","0.329","1482.5","0.50975","0.38275","13.04","0.56025","0.78425","0.60575","0.76325","0.26275","0.24225"
"20.625","6.34","39098.75","0.84525","0.663","1.4875","4.19","0.10425","0.433","0.43325","0.325","1194.5","0.52325","0.28825","69.36","0.22425","0.43775","0.38175","0.11925","0.22075","0.10725"
"21.325","6.82","58261.25","0.81975","0.749","13.4875","4.77","0.07125","0.481","0.31775","0.367","1626.5","0.56075","0.14875","17.2","0.77375","0.70025","0.28375","0.10175","0.43425","0.00975"
"16.325","9.1","62641.25","0.65025","0.609","15.6625","5.17","0.24375","0.387","0.22175","0.143","393.5","0.51725","0.27175","58.48","0.13325","0.26975","0.30825","0.33625","0.33625","0.11175"
"16.775","2.9","26506.25","0.67875","0.747","9.5125","4.87","0.08175","0.459","0.31025","0.197","1140.5","0.51875","0.28675","68.72","0.19625","0.51475","0.58825","0.41325","0.29075","0.01575"
"17.525","7.14","50596.25","0.87825","0.675","5.8375","4.57","0.03675","0.599","0.25475","0.075","1536.5","0.73025","0.16975","42.48","0.16125","0.66525","0.31525","0.39575","0.31875","0.12075"
"15.375","9.54","24863.75","0.66075","0.785","6.2875","5.13","0.09375","0.579","0.46625","0.249","1905.5","0.52025","0.17425","52.4","0.40275","0.33275","0.75625","0.57075","0.17875","0.17475"
"21.275","4.7","36908.75","0.83025","0.649","2.5375","4.65","0.08925","0.589","0.34625","0.205","1869.5","0.55625","0.23125","51.44","0.72825","0.22775","0.50425","0.28025","0.41325","0.10875"
"20.975","8.02","82898.75","0.70875","0.539","5.0125","5.07","0.06825","0.443","0.34775","0.141","1527.5","0.76475","0.27325","68.4","0.74925","0.24175","0.29425","0.29425","0.49375","0.01425"
"21.025","4.34","83993.75","0.64425","0.571","3.8125","5.79","0.22875","0.343","0.47375","0.193","555.5","0.50525","0.22225","42.16","0.36775","0.49025","0.25925","0.52175","0.55675","0.27975"
"20.025","9.5","60998.75","0.73425","0.557","10.7875","5.41","0.06225","0.507","0.40025","0.199","1572.5","0.64025","0.16525","28.72","0.50075","0.21725","0.24525","0.63375","0.32225","0.20175"
"18.575","8.18","93301.25","0.68775","0.783","4.6375","2.87","0.27525","0.399","0.45125","0.055","1635.5","0.69875","0.39775","27.44","0.49375","0.29075","0.17875","0.55325","0.74925","0.01125"
"18.725","5.7","57713.75","0.82275","0.673","15.8875","3.15","0.21225","0.351","0.25025","0.375","1347.5","0.65975","0.22375","58.16","0.68975","0.32575","0.10525","0.62325","0.79825","0.18975"
"21.175","8.34","38003.75","0.86025","0.483","12.3625","3.41","0.22125","0.391","0.39125","0.007","1104.5","0.58175","0.24325","37.36","0.17875","0.41325","0.77725","0.70025","0.45175","0.04125"
"20.925","2.82","75781.25","0.89475","0.577","2.0125","5.37","0.23625","0.451","0.26075","0.123","816.5","0.61775","0.10825","29.36","0.29075","0.77375","0.33625","0.13675","0.45525","0.28725"
"20.325","9.14","2416.25","0.78375","0.423","2.6875","4.61","0.11625","0.355","0.38525","0.245","897.5","0.70475","0.11125","35.12","0.78075","0.75625","0.45875","0.53925","0.67925","0.13875"
"17.775","2.62","44026.25","0.80625","0.437","13.9375","5.43","0.16725","0.561","0.32225","0.089","1185.5","0.74825","0.38875","14.96","0.39225","0.15425","0.18225","0.71775","0.51475","0.27675"
"23.475","4.54","47311.25","0.87075","0.779","14.0125","3.61","0.13725","0.603","0.36875","0.269","681.5","0.77825","0.13675","69.04","0.49025","0.13675","0.14025","0.15075","0.12975","0.10275"
"17.025","7.5","53881.25","0.76425","0.487","11.9875","2.73","0.06375","0.403","0.28325","0.131","564.5","0.61025","0.20575","39.28","0.65825","0.20325","0.16125","0.40275","0.39575","0.23325"
"22.475","6.42","11723.75","0.72375","0.797","11.4625","2.29","0.24525","0.523","0.30125","0.227","267.5","0.75125","0.15475","16.88","0.21025","0.70375","0.19275","0.35025","0.46225","0.28575"
"23.075","3.98","46216.25","0.83775","0.543","10.7125","4.75","0.17625","0.509","0.45425","0.095","528.5","0.58025","0.31375","32.24","0.21375","0.21375","0.42375","0.21025","0.78775","0.14325"
"17.675","3.9","86731.25","0.68175","0.659","6.8125","2.39","0.00375","0.501","0.40325","0.201","870.5","0.56825","0.14575","56.88","0.32575","0.42025","0.40275","0.38875","0.50075","0.15675"
"20.725","6.14","40193.75","0.63525","0.535","2.9125","5.27","0.14925","0.431","0.44825","0.291","1608.5","0.67025","0.10975","56.24","0.33975","0.56375","0.79475","0.71425","0.28025","0.14925"
"19.925","3.58","94396.25","0.81525","0.719","14.9875","2.83","0.15975","0.691","0.31325","0.029","1815.5","0.69725","0.12775","21.68","0.56725","0.37125","0.73875","0.66525","0.26975","0.24375"
"23.325","2.66","10628.75","0.74775","0.601","14.8375","2.85","0.10125","0.405","0.32525","0.287","1833.5","0.57875","0.14275","67.76","0.23475","0.54625","0.30125","0.50075","0.69325","0.07725"
"22.375","2.22","9533.75","0.68475","0.451","13.1125","5.89","0.02625","0.379","0.23825","0.317","1653.5","0.53375","0.10225","42.8","0.50775","0.40625","0.59175","0.47275","0.61275","0.28125"
"16.975","9.3","91111.25","0.87525","0.425","7.9375","2.03","0.13875","0.547","0.20375","0.211","789.5","0.53525","0.27475","48.24","0.77725","0.37825","0.74925","0.62675","0.68975","0.21225"
"18.075","7.26","92753.75","0.63375","0.519","3.1375","3.07","0.00075","0.407","0.37475","0.119","1977.5","0.73475","0.34075","48.56","0.54625","0.14025","0.73525","0.59175","0.60575","0.16725"
"16.475","4.62","85636.25","0.78525","0.503","1.1125","3.89","0.10875","0.315","0.49175","0.067","474.5","0.72275","0.26125","44.4","0.79475","0.18575","0.27325","0.30125","0.29775","0.12675"
"16.125","9.02","73043.75","0.83625","0.769","14.2375","5.19","0.08025","0.699","0.21275","0.111","1014.5","0.72575","0.12175","58.8","0.19975","0.26275","0.40975","0.31525","0.71075","0.09075"
"19.525","5.82","45668.75","0.81225","0.705","2.9875","2.31","0.24675","0.525","0.46925","0.033","1374.5","0.50825","0.36325","53.04","0.51475","0.31875","0.40625","0.37475","0.33975","0.18525"
"18.475","6.22","23768.75","0.75975","0.443","2.1625","4.95","0.20925","0.503","0.22025","0.289","1473.5","0.78425","0.21625","60.4","0.29425","0.29775","0.19975","0.19975","0.40975","0.27375"
"15.125","5.98","70853.75","0.70275","0.421","3.7375","3.63","0.14775","0.513","0.45575","0.333","1968.5","0.68825","0.28225","27.76","0.40975","0.74925","0.19625","0.51825","0.18225","0.25425"
"19.675","6.9","54976.25","0.84225","0.495","1.9375","4.17","0.20025","0.567","0.21575","0.223","1923.5","0.79025","0.37975","12.72","0.25575","0.58825","0.66175","0.61975","0.63725","0.11775"
"22.725","9.74","34718.75","0.65775","0.485","5.5375","4.29","0.23925","0.339","0.28175","0.097","276.5","0.54125","0.32875","12.4","0.16475","0.32225","0.35025","0.34325","0.22425","0.04425"
"15.525","4.58","94943.75","0.63225","0.489","14.9125","3.87","0.06075","0.535","0.35225","0.191","627.5","0.57575","0.31225","11.12","0.28025","0.19275","0.57075","0.28375","0.15425","0.04725"
"16.225","6.06","108631.25","0.65175","0.739","4.5625","2.19","0.16125","0.517","0.20825","0.327","1851.5","0.77375","0.11575","53.36","0.32925","0.14725","0.61975","0.22775","0.42725","0.20325"
"21.225","5.9","52786.25","0.62625","0.501","8.4625","3.97","0.29325","0.499","0.25175","0.395","348.5","0.62225","0.33925","10.16","0.61625","0.67925","0.72125","0.27675","0.25225","0.25575"
"15.675","3.82","48953.75","0.89625","0.505","8.1625","3.23","0.27825","0.395","0.49625","0.107","1842.5","0.77525","0.27025","65.84","0.66525","0.22425","0.49725","0.37125","0.75275","0.12525"
"21.775","6.18","70306.25","0.86625","0.599","6.8875","2.43","0.03525","0.577","0.26375","0.383","312.5","0.63575","0.23575","70.96","0.32225","0.59875","0.55675","0.46575","0.46925","0.22575"
"21.075","8.42","25411.25","0.86325","0.521","5.3125","2.95","0.28125","0.303","0.24125","0.229","780.5","0.79475","0.30175","24.24","0.78775","0.61975","0.18925","0.21725","0.34675","0.22425"
"16.625","4.18","67021.25","0.67125","0.551","11.8375","5.87","0.28875","0.429","0.35825","0.085","843.5","0.67475","0.37075","73.2","0.53925","0.65125","0.20325","0.47975","0.77025","0.17625"
"24.525","2.58","91658.75","0.83475","0.413","3.3625","5.69","0.15675","0.681","0.29825","0.299","708.5","0.63275","0.25975","64.24","0.48325","0.18925","0.23825","0.43775","0.65125","0.06525"
"18.775","6.5","100418.75","0.85425","0.765","15.9625","5.47","0.07425","0.569","0.26225","0.001","1788.5","0.54725","0.18175","18.48","0.27675","0.49375","0.24875","0.35725","0.49725","0.12375"
"24.225","8.62","76876.25","0.88875","0.491","9.9625","3.33","0.09975","0.317","0.39275","0.341","1455.5","0.52925","0.36625","32.56","0.23125","0.15075","0.70025","0.48325","0.53225","0.11925"
"15.775","4.74","3511.25","0.79575","0.745","4.4875","4.89","0.17475","0.591","0.20225","0.009","699.5","0.56525","0.33625","12.08","0.69675","0.45175","0.65825","0.49025","0.44475","0.26775"
"15.875","6.54","79066.25","0.65925","0.541","9.7375","5.91","0.19275","0.677","0.48575","0.337","483.5","0.72125","0.37375","55.28","0.73875","0.54275","0.78425","0.74225","0.76675","0.05925"
"22.125","2.78","33623.75","0.75225","0.775","13.1875","4.43","0.25575","0.639","0.30575","0.117","1392.5","0.64175","0.39475","57.84","0.47975","0.50075","0.41325","0.23825","0.16825","0.03675"
"19.075","6.74","35813.75","0.62175","0.625","6.6625","3.55","0.19575","0.461","0.23525","0.235","357.5","0.71075","0.15175","70.32","0.35025","0.11925","0.54975","0.32225","0.58125","0.06675"
"21.975","2.38","53333.75","0.69675","0.531","6.7375","3.13","0.25875","0.465","0.47075","0.347","1068.5","0.74525","0.23725","72.56","0.60575","0.33975","0.48325","0.42025","0.24175","0.21975"
"23.575","5.78","76328.75","0.63825","0.799","5.6875","5.57","0.21975","0.585","0.38675","0.213","1896.5","0.63875","0.14125","45.68","0.49725","0.71075","0.58475","0.34675","0.58475","0.04275"
"18.175","2.46","18841.25","0.89325","0.427","11.7625","3.85","0.28425","0.669","0.42425","0.295","1419.5","0.51425","0.16675","23.28","0.11925","0.48675","0.26625","0.46225","0.40275","0.11025"
"16.575","7.3","55523.75","0.72675","0.741","3.5875","5.59","0.03975","0.661","0.41825","0.373","690.5","0.76025","0.19075","44.72","0.79825","0.45875","0.12975","0.48675","0.27675","0.17925"
"15.625","5.34","28148.75","0.64275","0.693","9.2875","2.91","0.16425","0.441","0.37025","0.349","906.5","0.65825","0.20125","36.72","0.78425","0.35725","0.64425","0.73175","0.10175","0.12225"
"16.275","3.02","6796.25","0.61275","0.691","8.9125","2.21","0.00975","0.649","0.20975","0.099","510.5","0.55175","0.35125","23.6","0.64775","0.34675","0.42725","0.19625","0.42375","0.19725"
"15.925","9.86","99871.25","0.89025","0.597","15.7375","4.63","0.12225","0.469","0.38975","0.203","447.5","0.57425","0.13975","52.08","0.36425","0.61625","0.29775","0.15425","0.49025","0.16275"
"20.275","4.9","109726.25","0.66675","0.473","11.5375","2.79","0.02775","0.531","0.45725","0.109","501.5","0.66425","0.10375","19.76","0.38175","0.30825","0.71775","0.18575","0.60225","0.09225"
"21.925","4.14","22673.75","0.85875","0.725","1.6375","3.67","0.10575","0.619","0.40475","0.183","1887.5","0.55475","0.18475","13.68","0.59175","0.38175","0.50075","0.72825","0.56725","0.28875"
"16.075","5.74","20483.75","0.76275","0.637","7.5625","3.47","0.12375","0.463","0.44975","0.031","807.5","0.63725","0.13825","22.32","0.66175","0.72825","0.12275","0.52875","0.14025","0.01725"
"19.325","2.86","25958.75","0.63975","0.453","1.2625","4.93","0.26175","0.347","0.30875","0.065","618.5","0.68225","0.15325","11.76","0.11225","0.70725","0.21375","0.49725","0.51125","0.07875"
"17.375","2.26","1321.25","0.78075","0.699","7.7125","3.25","0.08475","0.383","0.36125","0.137","582.5","0.53675","0.11275","43.76","0.47625","0.77725","0.74575","0.26275","0.54625","0.16875"
"21.575","7.7","105346.25","0.62475","0.511","9.3625","2.55","0.22425","0.543","0.42875","0.297","1131.5","0.76325","0.16375","47.92","0.21725","0.74575","0.34675","0.41675","0.32925","0.13575"
"16.825","8.38","77423.75","0.84075","0.481","4.0375","4.27","0.18375","0.695","0.43625","0.051","924.5","0.78875","0.38125","59.44","0.24875","0.64775","0.56375","0.46925","0.18925","0.17775"
"17.225","3.38","100966.25","0.61125","0.479","8.8375","3.65","0.17025","0.511","0.25625","0.103","654.5","0.56375","0.23425","22.64","0.19275","0.30125","0.49025","0.65475","0.33275","0.00225"
"20.675","3.86","96586.25","0.77025","0.595","11.3125","4.25","0.11025","0.367","0.32075","0.159","1302.5","0.63125","0.21325","63.92","0.57775","0.47975","0.25575","0.65825","0.11225","0.02925"
"15.325","8.82","105893.75","0.64125","0.523","15.1375","4.23","0.17925","0.659","0.33725","0.073","1356.5","0.52475","0.21175","49.2","0.62325","0.39575","0.11575","0.57775","0.53575","0.29325"
"18.525","6.3","93848.75","0.60525","0.635","15.3625","3.17","0.14625","0.673","0.33575","0.359","1365.5","0.60125","0.36175","21.36","0.77025","0.26625","0.71075","0.12975","0.44125","0.14175"
"21.125","4.1","75233.75","0.69975","0.403","10.0375","3.39","0.13125","0.533","0.26525","0.277","1113.5","0.76625","0.18625","40.88","0.57425","0.40275","0.62675","0.23475","0.30825","0.05625"
"24.075","8.14","98776.25","0.71475","0.743","2.4625","2.53","0.27375","0.645","0.48875","0.059","1149.5","0.50075","0.33325","54.64","0.10525","0.40975","0.14725","0.47625","0.26625","0.20625"
"24.175","4.82","45121.25","0.72075","0.529","9.2125","4.09","0.09675","0.593","0.39575","0.283","1599.5","0.57725","0.30325","38","0.72475","0.17525","0.10875","0.67575","0.12625","0.17325"
"15.225","6.94","27601.25","0.84375","0.683","12.6625","5.83","0.26325","0.683","0.44675","0.045","1446.5","0.60275","0.35425","43.12","0.24525","0.73875","0.23125","0.43075","0.10875","0.15225"
"19.225","7.74","89468.75","0.60225","0.611","3.4375","4.69","0.24075","0.597","0.42275","0.357","717.5","0.68375","0.25825","63.6","0.28725","0.39225","0.78075","0.61625","0.43075","0.12975"
"16.525","8.54","18293.75","0.83925","0.651","4.9375","5.39","0.28725","0.323","0.39425","0.323","1005.5","0.61925","0.23875","25.2","0.16825","0.41675","0.16825","0.49375","0.34325","0.08925"
"22.575","2.94","51691.25","0.82875","0.545","3.0625","5.85","0.03075","0.519","0.20075","0.003","951.5","0.69275","0.35875","62.32","0.75975","0.65475","0.60225","0.44825","0.19625","0.13125"
"17.475","5.94","86183.75","0.74625","0.711","10.5625","4.37","0.18975","0.427","0.40775","0.307","1932.5","0.51275","0.30925","35.76","0.11575","0.11575","0.44475","0.17875","0.64075","0.29025"
"24.825","2.74","84541.25","0.60075","0.509","9.1375","3.49","0.15375","0.311","0.43775","0.319","1806.5","0.61325","0.20425","28.08","0.18225","0.73175","0.43775","0.31175","0.17525","0.15075"
"20.775","4.66","64283.75","0.61425","0.689","11.0125","5.21","0.05475","0.663","0.37775","0.181","231.5","0.59375","0.34525","45.04","0.34675","0.74225","0.52875","0.17175","0.46575","0.13275"
"23.375","5.06","73591.25","0.70575","0.685","6.1375","4.11","0.29025","0.687","0.32975","0.083","1752.5","0.77675","0.29725","71.6","0.22775","0.38875","0.50775","0.14725","0.43775","0.29625"
"24.325","5.46","104798.75","0.80025","0.575","10.4125","5.45","0.27975","0.457","0.49775","0.005","852.5","0.78575","0.21775","14","0.38875","0.69675","0.68975","0.36775","0.72825","0.06225"
"21.675","7.62","47858.75","0.80775","0.553","7.4875","5.25","0.27675","0.301","0.31625","0.393","1311.5","0.69125","0.21925","55.6","0.58125","0.13325","0.53575","0.22425","0.50425","0.03075"
"20.225","8.98","1868.75","0.61725","0.679","14.1625","4.07","0.24825","0.477","0.22775","0.025","240.5","0.56975","0.12475","60.08","0.75625","0.75975","0.52525","0.28725","0.64425","0.05175"
"22.625","8.58","81256.25","0.71925","0.717","10.1875","5.73","0.11775","0.581","0.22925","0.133","1779.5","0.62675","0.31525","57.52","0.30475","0.43075","0.68625","0.38175","0.66525","0.27525"
"24.025","8.22","42931.25","0.69075","0.527","7.6375","2.17","0.03825","0.491","0.46025","0.037","1914.5","0.72875","0.28375","66.8","0.65125","0.68625","0.48675","0.14375","0.16475","0.27225"
"18.875","6.38","62093.75","0.71325","0.441","3.6625","3.09","0.08625","0.617","0.44525","0.165","636.5","0.65525","0.33775","46.32","0.46575","0.63025","0.67575","0.76675","0.42025","0.07125"
"19.025","7.86","65378.75","0.86475","0.755","1.1875","4.55","0.22575","0.565","0.32375","0.049","339.5","0.64625","0.11425","20.72","0.46925","0.24525","0.67225","0.11225","0.77725","0.10575"
"21.625","6.62","108083.75","0.89775","0.733","3.2875","3.81","0.29175","0.529","0.23225","0.101","492.5","0.58925","0.18025","29.68","0.59525","0.42375","0.39225","0.74575","0.21025","0.02325"
"17.925","3.18","71401.25","0.78675","0.623","4.1125","3.69","0.25125","0.629","0.36425","0.233","1698.5","0.54875","0.30625","15.28","0.73525","0.12975","0.24175","0.10875","0.61975","0.11625"
"20.175","3.74","77971.25","0.82425","0.631","5.4625","4.03","0.06975","0.609","0.46775","0.293","1428.5","0.51125","0.12025","63.28","0.63375","0.59175","0.75275","0.78075","0.62325","0.21075"
"19.575","5.5","46763.75","0.71025","0.721","12.5125","2.23","0.21075","0.553","0.31475","0.263","1734.5","0.62975","0.25225","39.92","0.74575","0.60225","0.36075","0.16825","0.40625","0.21375"
"24.675","4.02","83446.25","0.81825","0.593","8.0875","5.67","0.13275","0.643","0.48425","0.129","1518.5","0.59525","0.10525","21.04","0.22075","0.10875","0.79825","0.27325","0.17175","0.09825"
"22.075","7.06","13913.75","0.71775","0.549","6.5125","3.35","0.11325","0.697","0.42125","0.387","1986.5","0.62075","0.13225","40.24","0.13675","0.64075","0.67925","0.25225","0.74225","0.17025"
"20.875","9.34","11176.25","0.66375","0.411","5.9875","2.93","0.04725","0.621","0.28625","0.019","1464.5","0.61625","0.16075","45.36","0.17175","0.68975","0.14375","0.79825","0.54275","0.21675"
"20.075","4.46","16103.75","0.79875","0.761","13.7125","3.37","0.24225","0.371","0.47225","0.189","429.5","0.54425","0.22675","27.12","0.42025","0.37475","0.79125","0.54625","0.20325","0.15525"
"23.175","2.3","43478.75","0.79425","0.731","4.2625","2.37","0.20325","0.381","0.33425","0.261","1617.5","0.54275","0.30775","54","0.45875","0.27675","0.11925","0.42375","0.48325","0.14775"
"19.625","8.78","88373.75","0.68625","0.401","12.4375","2.25","0.14175","0.319","0.36575","0.331","1878.5","0.70175","0.17125","10.48","0.76675","0.25225","0.39575","0.25925","0.31525","0.16575"
"23.275","7.66","80708.75","0.73575","0.701","10.3375","2.99","0.09225","0.557","0.23075","0.391","879.5","0.67175","0.37675","30","0.46225","0.56025","0.51475","0.68975","0.78075","0.25875"
"20.525","2.06","92206.25","0.67575","0.587","9.8125","5.77","0.02325","0.333","0.25325","0.151","1770.5","0.55775","0.39175","26.8","0.38525","0.75275","0.16475","0.60925","0.47275","0.18675"
"24.375","5.42","21031.25","0.70125","0.677","6.5875","2.33","0.23175","0.625","0.27875","0.303","663.5","0.57275","0.14725","49.52","0.61975","0.25575","0.38875","0.53225","0.56375","0.05325"
"21.825","9.66","78518.75","0.77325","0.513","2.7625","5.35","0.00525","0.423","0.43175","0.345","735.5","0.63425","0.20725","47.6","0.71425","0.10175","0.44825","0.12625","0.37475","0.09975"
"16.375","3.22","63736.25","0.76875","0.641","8.5375","2.01","0.25425","0.667","0.29225","0.175","591.5","0.65225","0.36925","59.12","0.12975","0.53575","0.33975","0.73525","0.75625","0.18225"
"19.875","7.78","59903.75","0.66825","0.569","7.1875","5.63","0.04275","0.365","0.48275","0.013","1707.5","0.53225","0.39925","46","0.64425","0.54975","0.55325","0.66175","0.72475","0.18825"
"18.375","3.78","64831.25","0.72525","0.669","4.8625","3.21","0.00225","0.417","0.41075","0.315","420.5","0.58775","0.27625","70","0.14025","0.66175","0.53225","0.10525","0.35025","0.09525"
"16.425","8.3","19936.25","0.86175","0.715","5.0875","5.93","0.11925","0.631","0.38225","0.339","258.5","0.76175","0.19675","19.44","0.60225","0.51125","0.35725","0.57425","0.79475","0.10425"
"18.625","3.3","90016.25","0.68925","0.753","10.4875","3.11","0.16275","0.359","0.23675","0.163","960.5","0.59225","0.11725","72.24","0.67925","0.72475","0.37475","0.79125","0.27325","0.19275"
"20.825","5.66","4606.25","0.77475","0.525","12.8125","5.65","0.01275","0.693","0.47975","0.379","249.5","0.71675","0.32425","19.12","0.72125","0.57425","0.45525","0.72475","0.11575","0.14625"
"20.375","4.06","90563.75","0.66225","0.767","6.9625","3.05","0.05025","0.633","0.24425","0.255","1329.5","0.74375","0.13525","37.68","0.25225","0.44125","0.62325","0.68275","0.72125","0.07575"
"23.875","7.34","42383.75","0.67275","0.477","5.2375","4.31","0.21825","0.349","0.40175","0.285","996.5","0.61175","0.28975","61.04","0.10875","0.23125","0.31175","0.70725","0.69675","0.02175"
"19.425","8.66","17746.25","0.77175","0.433","5.6125","2.51","0.23025","0.439","0.26825","0.219","465.5","0.59975","0.16225","25.52","0.44125","0.17875","0.73175","0.75275","0.63375","0.26925"
"24.775","7.1","33076.25","0.77925","0.565","12.2875","4.79","0.00675","0.345","0.25775","0.081","645.5","0.52175","0.32575","66.48","0.73175","0.10525","0.59525","0.14025","0.52525","0.23925"
"24.475","8.94","48406.25","0.80925","0.455","5.7625","2.65","0.26475","0.493","0.27125","0.071","1059.5","0.62825","0.17575","14.32","0.40625","0.71775","0.60925","0.20325","0.15075","0.22875"
"20.475","8.7","74138.75","0.80325","0.629","8.3875","2.13","0.14025","0.657","0.38075","0.079","1644.5","0.55925","0.26575","38.96","0.43425","0.61275","0.27675","0.36425","0.73525","0.01275"
"19.175","7.42","34171.25","0.87225","0.707","12.8875","3.51","0.15225","0.335","0.30275","0.335","1437.5","0.56225","0.14425","38.32","0.44475","0.28375","0.47975","0.33975","0.70375","0.24675"
"17.875","7.82","104251.25","0.80475","0.429","7.8625","2.27","0.26025","0.651","0.30725","0.221","1176.5","0.65375","0.30025","26.16","0.55325","0.49725","0.34325","0.45525","0.14375","0.00675"
"18.825","7.58","30886.25","0.85725","0.643","3.9625","4.85","0.29925","0.325","0.26675","0.265","1950.5","0.76925","0.24025","73.84","0.48675","0.12275","0.39925","0.65125","0.13675","0.20925"
"19.125","3.14","67568.75","0.72975","0.591","9.5875","5.15","0.23475","0.563","0.44225","0.381","609.5","0.74975","0.20875","17.84","0.25925","0.16825","0.58125","0.72125","0.30475","0.16425"
"17.825","3.54","38551.25","0.76575","0.793","1.7125","4.99","0.04425","0.435","0.37325","0.271","1797.5","0.55325","0.35725","41.84","0.52175","0.35375","0.77025","0.69325","0.24525","0.08025"
"18.675","6.26","68663.75","0.65325","0.639","13.5625","5.49","0.24975","0.385","0.38825","0.115","1689.5","0.72425","0.31825","34.48","0.33275","0.53225","0.69675","0.13325","0.59875","0.29775"
"24.725","2.18","29791.25","0.69225","0.537","14.5375","3.43","0.15525","0.627","0.49475","0.091","546.5","0.62525","0.18925","62.64","0.41675","0.19625","0.18575","0.33275","0.44825","0.24075"
"18.425","3.1","41836.25","0.71625","0.471","11.3875","3.99","0.29625","0.307","0.31925","0.087","825.5","0.69575","0.33025","52.72","0.65475","0.76325","0.69325","0.12275","0.68625","0.02625"
"16.175","8.26","97681.25","0.76125","0.763","14.3125","4.21","0.28575","0.475","0.39875","0.169","330.5","0.71375","0.10675","30.64","0.31175","0.16475","0.78775","0.21375","0.16125","0.26625"
"24.275","7.38","56618.75","0.85275","0.627","13.0375","4.67","0.21525","0.401","0.29975","0.161","600.5","0.76775","0.29125","47.28","0.61275","0.60575","0.64775","0.39225","0.39925","0.26325"
"24.425","8.74","95491.25","0.64725","0.633","10.9375","4.91","0.29775","0.575","0.28925","0.313","1725.5","0.66275","0.19825","61.68","0.68275","0.77025","0.53925","0.55675","0.41675","0.16125"
"23.825","8.1","30338.75","0.78975","0.579","5.3875","2.67","0.04875","0.595","0.24725","0.257","456.5","0.59675","0.27775","55.92","0.33625","0.44825","0.57425","0.20675","0.47975","0.29475"
"16.875","4.38","35266.25","0.78825","0.617","12.2125","5.55","0.13425","0.313","0.27425","0.195","375.5","0.64925","0.34225","48.88","0.42375","0.12625","0.33275","0.60575","0.73175","0.29925"
"15.825","7.98","54428.75","0.84675","0.759","8.2375","4.49","0.19725","0.389","0.47825","0.251","366.5","0.59075","0.34975","49.84","0.55675","0.32925","0.45175","0.70375","0.35375","0.06825"
"17.575","3.26","22126.25","0.65625","0.463","6.3625","5.01","0.22275","0.653","0.34475","0.363","402.5","0.67925","0.36475","72.88","0.44825","0.52525","0.22775","0.18225","0.11925","0.28425"
"17.125","5.38","28696.25","0.78225","0.737","9.0625","3.79","0.23325","0.583","0.29375","0.353","303.5","0.74675","0.35575","15.92","0.54275","0.35025","0.56725","0.64425","0.28375","0.02775"
"17.075","5.86","102061.25","0.88725","0.493","11.2375","2.81","0.01875","0.449","0.28025","0.171","204.5","0.66875","0.38575","18.16","0.52875","0.67225","0.30475","0.29775","0.57775","0.27825"
"18.025","8.5","773.75","0.67425","0.787","12.9625","3.77","0.09825","0.377","0.48125","0.217","1050.5","0.67775","0.34675","31.28","0.12275","0.72125","0.65475","0.38525","0.58825","0.17175"
"23.925","6.46","12271.25","0.85125","0.713","10.6375","3.59","0.08775","0.487","0.45875","0.093","798.5","0.73775","0.23275","70.64","0.64075","0.14375","0.63025","0.67925","0.21725","0.22275"
"15.575","7.18","87826.25","0.86925","0.547","4.7125","2.49","0.29475","0.613","0.37175","0.385","1671.5","0.67325","0.28525","69.68","0.53225","0.58475","0.22075","0.11575","0.66875","0.25125"
"22.025","3.5","36361.25","0.84825","0.581","12.0625","2.11","0.05775","0.685","0.41975","0.053","1320.5","0.70025","0.33175","25.84","0.26275","0.34325","0.26275","0.63025","0.19275","0.19875"
"22.875","2.98","106988.75","0.61575","0.661","6.4375","4.41","0.04575","0.305","0.42575","0.105","222.5","0.78725","0.16825","16.24","0.12625","0.52175","0.11225","0.54275","0.71775","0.22125"
"18.275","2.34","49501.25","0.73875","0.447","3.8875","3.83","0.09075","0.573","0.33275","0.253","978.5","0.65675","0.18775","46.64","0.42725","0.36075","0.46225","0.69675","0.57425","0.19425"
"23.425","9.26","57166.25","0.60825","0.729","8.9875","4.53","0.25725","0.445","0.37625","0.147","519.5","0.68675","0.24925","67.44","0.31875","0.28025","0.42025","0.59525","0.56025","0.20475"
"20.425","2.42","60451.25","0.75525","0.727","12.7375","3.29","0.15075","0.505","0.48725","0.241","1086.5","0.79325","0.30475","20.08","0.43075","0.30475","0.54275","0.59875","0.31175","0.18375"
"19.825","9.42","4058.75","0.66525","0.445","10.1125","4.15","0.20775","0.337","0.41225","0.301","1410.5","0.60875","0.25675","30.96","0.43775","0.62675","0.43075","0.16125","0.55325","0.06075"
"19.275","7.22","103156.25","0.68025","0.585","7.7875","2.09","0.05325","0.425","0.22475","0.365","1239.5","0.79775","0.39625","16.56","0.35375","0.50425","0.28725","0.35375","0.70025","0.23775"
"18.225","6.02","66473.75","0.69825","0.431","9.8875","4.51","0.12075","0.515","0.35675","0.149","1563.5","0.55025","0.11875","20.4","0.58475","0.42725","0.36775","0.75975","0.75975","0.02475"
"19.475","4.42","31981.25","0.62025","0.709","1.7875","5.51","0.23775","0.615","0.28775","0.061","1275.5","0.73625","0.17875","41.52","0.62675","0.22075","0.25225","0.66875","0.63025","0.15375"
"15.275","3.34","59356.25","0.86775","0.405","8.7625","4.83","0.01125","0.375","0.35525","0.361","1743.5","0.79175","0.31675","50.48","0.14725","0.48325","0.49375","0.16475","0.50775","0.05475"
"24.875","8.06","82351.25","0.87675","0.771","6.0625","3.93","0.02475","0.479","0.22625","0.237","969.5","0.53075","0.22525","34.16","0.69325","0.63375","0.17175","0.43425","0.24875","0.12825"
"23.975","5.18","24316.25","0.74475","0.563","13.3375","4.73","0.09525","0.341","0.44075","0.041","1824.5","0.70925","0.12325","24.88","0.51825","0.51825","0.63375","0.56375","0.39225","0.29175"
"22.825","5.02","79613.75","0.81075","0.409","3.2125","3.31","0.16575","0.419","0.24275","0.023","753.5","0.68525","0.18325","68.08","0.30125","0.23475","0.66875","0.44475","0.20675","0.10125"
"24.625","5.22","96038.75","0.64875","0.603","1.3375","4.45","0.15825","0.489","0.26975","0.139","987.5","0.71975","0.35275","33.84","0.17525","0.33625","0.72825","0.58475","0.18575","0.15975"
"18.325","3.7","71948.75","0.71175","0.667","7.0375","2.77","0.21675","0.369","0.21875","0.027","1959.5","0.77975","0.24475","50.16","0.37825","0.53925","0.59875","0.32575","0.21375","0.19575"
"15.025","2.14","88921.25","0.77625","0.457","13.4125","5.75","0.14325","0.329","0.22325","0.351","1581.5","0.61475","0.19525","64.88","0.29775","0.76675","0.32925","0.50775","0.23825","0.06375"
"23.225","4.22","81803.75","0.88425","0.469","10.2625","5.23","0.20475","0.641","0.34175","0.355","1338.5","0.53975","0.39025","40.56","0.63025","0.79825","0.61275","0.29075","0.48675","0.03525"